<?xml version="1.0" encoding="ISO-8859-2" ?>
<rtcpnet name="">
<declarations>
color SystemState = with normal | a1 | a2 | term;
color DetectorsState = with normal | warning | dblWarning;
color ConfirmationState = with on | off;
color ClockState = with on | off;
color FireDepState = with calledFor | none;
color EmployeeState = with act | idle;
color Delay = int with 0..10000;
var t : Delay;
var prevState: DetectorsState;
var curState: DetectorsState;
var sysState: SystemState;
var fdState: FireDepState;
var empState: EmployeeState;
var clkState: ClockState;
var clkState2: ClockState;
var confState: ConfirmationState;
</declarations>
<pages>
<page name="Fire Alarm Control Panel" width="1512" height="1512">
<places>
<place name="SmokeDetectors" type="DetectorsState" marking="1(normal)" time="0" fusion="">
<icon x="0" y="0" width="0" height="0">
<nameLabel x="0" y="0"/>
<typeLabel x="0" y="0"/>
<markingLabel x="0" y="0"/>
</icon>
</place>
<place name="FACP" type="SystemState" marking="1(normal)" time="0" fusion="">
<icon x="0" y="0" width="0" height="0">
<nameLabel x="0" y="0"/>
<typeLabel x="0" y="0"/>
<markingLabel x="0" y="0"/>
</icon>
</place>
<place name="CheckingFireHazard" type="ConfirmationState" marking="1(off)" time="0" fusion="">
<icon x="0" y="0" width="0" height="0">
<nameLabel x="0" y="0"/>
<typeLabel x="0" y="0"/>
<markingLabel x="0" y="0"/>
</icon>
</place>
<place name="Clock1" type="ClockState" marking="1(off)" time="0" fusion="">
<icon x="0" y="0" width="0" height="0">
<nameLabel x="0" y="0"/>
<typeLabel x="0" y="0"/>
<markingLabel x="0" y="0"/>
</icon>
</place>
<place name="FireDepartment" type="FireDepState" marking="1(none)" time="0" fusion="">
<icon x="0" y="0" width="0" height="0">
<nameLabel x="0" y="0"/>
<typeLabel x="0" y="0"/>
<markingLabel x="0" y="0"/>
</icon>
</place>
<place name="Employee" type="EmployeeState" marking="1(idle)" time="0" fusion="">
<icon x="0" y="0" width="0" height="0">
<nameLabel x="0" y="0"/>
<typeLabel x="0" y="0"/>
<markingLabel x="0" y="0"/>
</icon>
</place>
<place name="Clock2" type="ClockState" marking="1(off)" time="0" fusion="">
<icon x="0" y="0" width="0" height="0">
<nameLabel x="0" y="0"/>
<typeLabel x="0" y="0"/>
<markingLabel x="0" y="0"/>
</icon>
</place>
<place name="CheckDetectorsStateTimer" type="ClockState" marking="1(on)" time="0" fusion="">
<icon x="0" y="0" width="0" height="0">
<nameLabel x="0" y="0"/>
<typeLabel x="0" y="0"/>
<markingLabel x="0" y="0"/>
</icon>
</place>
</places>
<transitions>
<transition name="SmokeDetectorsStateCheck" priority="0" guard="curState &lt;> normal and 
 prevState &lt;> dblWarning" substituted="no">
<icon x="0" y="0" width="0" height="0">
<nameLabel x="0" y="0"/>
<guardLabel x="0" y="0"/>
</icon>
</transition>
<transition name="TurnOnAlarm1" priority="0" guard="" substituted="no">
<icon x="0" y="0" width="0" height="0">
<nameLabel x="0" y="0"/>
<guardLabel x="0" y="0"/>
</icon>
</transition>
<transition name="TurnOffAlarm1" priority="0" guard="" substituted="no">
<icon x="0" y="0" width="0" height="0">
<nameLabel x="0" y="0"/>
<guardLabel x="0" y="0"/>
</icon>
</transition>
<transition name="EmergencyCall" priority="0" guard="" substituted="no">
<icon x="0" y="0" width="0" height="0">
<nameLabel x="0" y="0"/>
<guardLabel x="0" y="0"/>
</icon>
</transition>
<transition name="T1_TurnOnAlarm2" priority="0" guard="" substituted="no">
<icon x="0" y="0" width="0" height="0">
<nameLabel x="0" y="0"/>
<guardLabel x="0" y="0"/>
</icon>
</transition>
<transition name="T2_TurnOnAlarm2" priority="0" guard="" substituted="no">
<icon x="0" y="0" width="0" height="0">
<nameLabel x="0" y="0"/>
<guardLabel x="0" y="0"/>
</icon>
</transition>
<transition name="ConfirmAlarm" priority="0" guard="t=3600 or t=9000" substituted="no">
<icon x="0" y="0" width="0" height="0">
<nameLabel x="0" y="0"/>
<guardLabel x="0" y="0"/>
</icon>
</transition>
<transition name="Emp_TurnOnAlarm2" priority="0" guard="" substituted="no">
<icon x="0" y="0" width="0" height="0">
<nameLabel x="0" y="0"/>
<guardLabel x="0" y="0"/>
</icon>
</transition>
<transition name="EmpNoticesAlarm" priority="0" guard="t=4500 or t=6300" substituted="no">
<icon x="0" y="0" width="0" height="0">
<nameLabel x="0" y="0"/>
<guardLabel x="0" y="0"/>
</icon>
</transition>
<transition name="InstantTurnOnAlarm2" priority="0" guard="sysState &lt;> a2 and 
 sysState &lt;> term" substituted="no">
<icon x="0" y="0" width="0" height="0">
<nameLabel x="0" y="0"/>
<guardLabel x="0" y="0"/>
</icon>
</transition>
<transition name="ResetSystem" priority="0" guard="curState &lt;> normal" substituted="no">
<icon x="0" y="0" width="0" height="0">
<nameLabel x="0" y="0"/>
<guardLabel x="0" y="0"/>
</icon>
</transition>
</transitions>
<arcs>
<arc place="SmokeDetectors" transition="TurnOnAlarm1" direction="In/Out" inExpression="warning"  outExpression="warning" inTime="" outTime="">
<icon x="0" y="0">
</icon>
</arc>
<arc place="FACP" transition="TurnOnAlarm1" direction="In/Out" inExpression="a1"  outExpression="normal" inTime="" outTime="">
<icon x="0" y="0">
</icon>
</arc>
<arc place="FACP" transition="TurnOffAlarm1" direction="In/Out" inExpression="term"  outExpression="a1" inTime="" outTime="">
<icon x="0" y="0">
</icon>
</arc>
<arc place="CheckingFireHazard" transition="TurnOffAlarm1" direction="In/Out" inExpression="on"  outExpression="on" inTime="" outTime="">
<icon x="0" y="0">
</icon>
</arc>
<arc place="Clock1" transition="TurnOnAlarm1" direction="In/Out" inExpression="on"  outExpression="off" inTime="" outTime="">
<icon x="0" y="0">
</icon>
</arc>
<arc place="FireDepartment" transition="EmergencyCall" direction="In/Out" inExpression="calledFor"  outExpression="none" inTime="" outTime="">
<icon x="0" y="0">
</icon>
</arc>
<arc place="FACP" transition="T1_TurnOnAlarm2" direction="In/Out" inExpression="a2"  outExpression="a1" inTime="" outTime="">
<icon x="0" y="0">
</icon>
</arc>
<arc place="Clock1" transition="T1_TurnOnAlarm2" direction="In/Out" inExpression="off"  outExpression="on" inTime="" outTime="5400">
<icon x="0" y="0">
</icon>
</arc>
<arc place="CheckingFireHazard" transition="T1_TurnOnAlarm2" direction="In/Out" inExpression="off"  outExpression="off" inTime="" outTime="">
<icon x="0" y="0">
</icon>
</arc>
<arc place="CheckingFireHazard" transition="ConfirmAlarm" direction="In/Out" inExpression="on"  outExpression="off" inTime="t" outTime="">
<icon x="0" y="0">
</icon>
</arc>
<arc place="Employee" transition="ConfirmAlarm" direction="In/Out" inExpression="act"  outExpression="act" inTime="" outTime="">
<icon x="0" y="0">
</icon>
</arc>
<arc place="Clock2" transition="ConfirmAlarm" direction="In/Out" inExpression="on"  outExpression="off" inTime="5400" outTime="">
<icon x="0" y="0">
</icon>
</arc>
<arc place="Clock2" transition="T2_TurnOnAlarm2" direction="In/Out" inExpression="off"  outExpression="on" inTime="" outTime="">
<icon x="0" y="0">
</icon>
</arc>
<arc place="FACP" transition="T2_TurnOnAlarm2" direction="In/Out" inExpression="a2"  outExpression="a1" inTime="" outTime="">
<icon x="0" y="0">
</icon>
</arc>
<arc place="CheckingFireHazard" transition="Emp_TurnOnAlarm2" direction="In/Out" inExpression="on"  outExpression="on" inTime="" outTime="">
<icon x="0" y="0">
</icon>
</arc>
<arc place="FACP" transition="Emp_TurnOnAlarm2" direction="In/Out" inExpression="a2"  outExpression="a1" inTime="" outTime="">
<icon x="0" y="0">
</icon>
</arc>
<arc place="FACP" transition="ConfirmAlarm" direction="In/Out" inExpression="a1"  outExpression="a1" inTime="" outTime="">
<icon x="0" y="0">
</icon>
</arc>
<arc place="SmokeDetectors" transition="SmokeDetectorsStateCheck" direction="In/Out" inExpression="curState"  outExpression="prevState" inTime="" outTime="">
<icon x="0" y="0">
</icon>
</arc>
<arc place="Employee" transition="EmpNoticesAlarm" direction="In/Out" inExpression="act"  outExpression="idle" inTime="t" outTime="">
<icon x="0" y="0">
</icon>
</arc>
<arc place="FACP" transition="EmpNoticesAlarm" direction="In/Out" inExpression="a1"  outExpression="a1" inTime="" outTime="">
<icon x="0" y="0">
</icon>
</arc>
<arc place="FACP" transition="EmergencyCall" direction="In/Out" inExpression="term"  outExpression="a2" inTime="" outTime="">
<icon x="0" y="0">
</icon>
</arc>
<arc place="SmokeDetectors" transition="InstantTurnOnAlarm2" direction="In/Out" inExpression="dblWarning"  outExpression="dblWarning" inTime="" outTime="">
<icon x="0" y="0">
</icon>
</arc>
<arc place="FACP" transition="InstantTurnOnAlarm2" direction="In/Out" inExpression="a2"  outExpression="sysState" inTime="" outTime="">
<icon x="0" y="0">
</icon>
</arc>
<arc place="FACP" transition="ResetSystem" direction="In/Out" inExpression="normal"  outExpression="term" inTime="" outTime="">
<icon x="0" y="0">
</icon>
</arc>
<arc place="SmokeDetectors" transition="ResetSystem" direction="In/Out" inExpression="normal"  outExpression="curState" inTime="" outTime="">
<icon x="0" y="0">
</icon>
</arc>
<arc place="FireDepartment" transition="ResetSystem" direction="In/Out" inExpression="none"  outExpression="fdState" inTime="" outTime="">
<icon x="0" y="0">
</icon>
</arc>
<arc place="CheckingFireHazard" transition="ResetSystem" direction="In/Out" inExpression="off"  outExpression="confState" inTime="" outTime="">
<icon x="0" y="0">
</icon>
</arc>
<arc place="Clock2" transition="ResetSystem" direction="In/Out" inExpression="off"  outExpression="clkState2" inTime="" outTime="">
<icon x="0" y="0">
</icon>
</arc>
<arc place="Employee" transition="ResetSystem" direction="In/Out" inExpression="idle"  outExpression="empState" inTime="" outTime="">
<icon x="0" y="0">
</icon>
</arc>
<arc place="Clock1" transition="ResetSystem" direction="In/Out" inExpression="off"  outExpression="clkState" inTime="" outTime="">
<icon x="0" y="0">
</icon>
</arc>
<arc place="CheckDetectorsStateTimer" transition="SmokeDetectorsStateCheck" direction="In/Out" inExpression="on"  outExpression="on" inTime="" outTime="1">
<icon x="0" y="0">
</icon>
</arc>
</arcs>
</page>
</pages>
<hierarchy>
<nodes>
<node name="Fire Alarm Control Panel" id="0" parameters="">
<icon x="0" y="0" width="0" height="0">
<nameLabel x="0" y="0"/>
<parametersLabel x="0" y="0"/>
</icon>
</node>
</nodes>
<connections>
</connections>
</hierarchy>
</rtcpnet>
