<?xml version="1.0" encoding="ISO-8859-2" ?>
<rtcpnet name="">
<declarations>
color SwitchZoneState = with occupied | free;
color Direction = with l | s | r;
color SwitchState = with locked | unlocked;
color DirectionChosenState = with yes | no;
color DecisionTime = int with 1..20;
color DelayTime = int with 0..50;
color AutoLockState = with on | off;
var sDir: Direction;
var eDir: Direction;
var dt: DecisionTime;
var del: DelayTime;
var any: AutoLockState;
</declarations>
<pages>
<page name="New Page" width="1512" height="1512">
<places>
<place name="SwitchZone" type="SwitchZoneState" marking="1(free)" time="0" fusion="">
<icon x="0" y="0" width="0" height="0">
<nameLabel x="0" y="0"/>
<typeLabel x="0" y="0"/>
<markingLabel x="0" y="0"/>
</icon>
</place>
<place name="ExpectedDirection" type="Direction" marking="" time="0" fusion="">
<icon x="0" y="0" width="0" height="0">
<nameLabel x="0" y="0"/>
<typeLabel x="0" y="0"/>
<markingLabel x="0" y="0"/>
</icon>
</place>
<place name="SelectedDirection" type="Direction" marking="1(s)" time="0" fusion="">
<icon x="0" y="0" width="0" height="0">
<nameLabel x="0" y="0"/>
<typeLabel x="0" y="0"/>
<markingLabel x="0" y="0"/>
</icon>
</place>
<place name="Switch" type="SwitchState" marking="1(unlocked)" time="0" fusion="">
<icon x="0" y="0" width="0" height="0">
<nameLabel x="0" y="0"/>
<typeLabel x="0" y="0"/>
<markingLabel x="0" y="0"/>
</icon>
</place>
<place name="DirectionChosen" type="DirectionChosenState" marking="1(no)" time="0" fusion="">
<icon x="0" y="0" width="0" height="0">
<nameLabel x="0" y="0"/>
<typeLabel x="0" y="0"/>
<markingLabel x="0" y="0"/>
</icon>
</place>
<place name="AutoLockSwitchTimer" type="AutoLockState" marking="1(off)" time="0" fusion="">
<icon x="0" y="0" width="0" height="0">
<nameLabel x="0" y="0"/>
<typeLabel x="0" y="0"/>
<markingLabel x="0" y="0"/>
</icon>
</place>
</places>
<transitions>
<transition name="TramArrived" priority="0" guard="del>3 and del&lt;20" substituted="no">
<icon x="0" y="0" width="0" height="0">
<nameLabel x="0" y="0"/>
<guardLabel x="0" y="0"/>
</icon>
</transition>
<transition name="CheckDirectionSign" priority="0" guard="del>40" substituted="no">
<icon x="0" y="0" width="0" height="0">
<nameLabel x="0" y="0"/>
<guardLabel x="0" y="0"/>
</icon>
</transition>
<transition name="LockSwitch" priority="0" guard="" substituted="no">
<icon x="0" y="0" width="0" height="0">
<nameLabel x="0" y="0"/>
<guardLabel x="0" y="0"/>
</icon>
</transition>
<transition name="ChangeDirection" priority="0" guard="eDir &lt;> sDir" substituted="no">
<icon x="0" y="0" width="0" height="0">
<nameLabel x="0" y="0"/>
<guardLabel x="0" y="0"/>
</icon>
</transition>
<transition name="TramLeft" priority="0" guard="del>5 and del &lt; 20" substituted="no">
<icon x="0" y="0" width="0" height="0">
<nameLabel x="0" y="0"/>
<guardLabel x="0" y="0"/>
</icon>
</transition>
<transition name="AutoLock" priority="0" guard="" substituted="no">
<icon x="0" y="0" width="0" height="0">
<nameLabel x="0" y="0"/>
<guardLabel x="0" y="0"/>
</icon>
</transition>
<transition name="PassThrough" priority="0" guard="" substituted="no">
<icon x="0" y="0" width="0" height="0">
<nameLabel x="0" y="0"/>
<guardLabel x="0" y="0"/>
</icon>
</transition>
</transitions>
<arcs>
<arc place="SwitchZone" transition="TramArrived" direction="In/Out" inExpression="occupied"  outExpression="free" inTime="" outTime="">
<icon x="0" y="0">
</icon>
</arc>
<arc place="SwitchZone" transition="CheckDirectionSign" direction="In/Out" inExpression="occupied"  outExpression="occupied" inTime="del" outTime="">
<icon x="0" y="0">
</icon>
</arc>
<arc place="ExpectedDirection" transition="CheckDirectionSign" direction="In" inExpression="eDir"  outExpression="" inTime="dt" outTime="">
<icon x="0" y="0">
</icon>
</arc>
<arc place="ExpectedDirection" transition="ChangeDirection" direction="In/Out" inExpression="eDir"  outExpression="eDir" inTime="" outTime="">
<icon x="0" y="0">
</icon>
</arc>
<arc place="SelectedDirection" transition="ChangeDirection" direction="In/Out" inExpression="eDir"  outExpression="sDir" inTime="" outTime="">
<icon x="0" y="0">
</icon>
</arc>
<arc place="SelectedDirection" transition="LockSwitch" direction="In/Out" inExpression="sDir"  outExpression="sDir" inTime="" outTime="">
<icon x="0" y="0">
</icon>
</arc>
<arc place="ExpectedDirection" transition="LockSwitch" direction="In/Out" inExpression="sDir"  outExpression="sDir" inTime="" outTime="">
<icon x="0" y="0">
</icon>
</arc>
<arc place="Switch" transition="LockSwitch" direction="In/Out" inExpression="locked"  outExpression="unlocked" inTime="" outTime="">
<icon x="0" y="0">
</icon>
</arc>
<arc place="Switch" transition="TramLeft" direction="In/Out" inExpression="unlocked"  outExpression="locked" inTime="" outTime="del">
<icon x="0" y="0">
</icon>
</arc>
<arc place="DirectionChosen" transition="CheckDirectionSign" direction="In/Out" inExpression="yes"  outExpression="no" inTime="" outTime="">
<icon x="0" y="0">
</icon>
</arc>
<arc place="DirectionChosen" transition="TramLeft" direction="In/Out" inExpression="no"  outExpression="yes" inTime="" outTime="">
<icon x="0" y="0">
</icon>
</arc>
<arc place="SwitchZone" transition="TramLeft" direction="In/Out" inExpression="free"  outExpression="occupied" inTime="" outTime="">
<icon x="0" y="0">
</icon>
</arc>
<arc place="AutoLockSwitchTimer" transition="TramArrived" direction="In/Out" inExpression="on"  outExpression="off" inTime="del" outTime="">
<icon x="0" y="0">
</icon>
</arc>
<arc place="AutoLockSwitchTimer" transition="AutoLock" direction="In/Out" inExpression="on"  outExpression="on" inTime="" outTime="">
<icon x="0" y="0">
</icon>
</arc>
<arc place="Switch" transition="AutoLock" direction="In/Out" inExpression="locked"  outExpression="unlocked" inTime="" outTime="">
<icon x="0" y="0">
</icon>
</arc>
<arc place="Switch" transition="ChangeDirection" direction="In/Out" inExpression="unlocked"  outExpression="unlocked" inTime="" outTime="">
<icon x="0" y="0">
</icon>
</arc>
<arc place="AutoLockSwitchTimer" transition="TramLeft" direction="In/Out" inExpression="off"  outExpression="any" inTime="" outTime="">
<icon x="0" y="0">
</icon>
</arc>
<arc place="ExpectedDirection" transition="PassThrough" direction="Out" inExpression=""  outExpression="eDir" inTime="" outTime="">
<icon x="0" y="0">
</icon>
</arc>
<arc place="Switch" transition="PassThrough" direction="In/Out" inExpression="locked"  outExpression="locked" inTime="" outTime="">
<icon x="0" y="0">
</icon>
</arc>
</arcs>
</page>
</pages>
<hierarchy>
<nodes>
<node name="New Page" id="0" parameters="">
<icon x="0" y="0" width="0" height="0">
<nameLabel x="0" y="0"/>
<parametersLabel x="0" y="0"/>
</icon>
</node>
</nodes>
<connections>
</connections>
</hierarchy>
</rtcpnet>
