<?xml version="1.0" encoding="ISO-8859-2" ?>
<rtcpnet name="">
<declarations>
color SystemState = with sv | a1 | a2 | term;
color SensorsState = with normal | warning | dblWarning;
color ConfirmationState = with on | off;
color ClockState = with on | off;
color FireDepState = with calledFor | none;
color EmployeeState = with act | idle;
color Delay = int with 0..300;
var t : Delay;
var senSt: SensorsState;
var sysSt: SystemState;
</declarations>
<pages>
<page name="Main" width="1512" height="1512">
<places>
<place name="Sensors" type="SensorsState" marking="1(normal)" time="0" fusion="">
<icon x="0" y="0" width="0" height="0">
<nameLabel x="0" y="0"/>
<typeLabel x="0" y="0"/>
<markingLabel x="0" y="0"/>
</icon>
</place>
<place name="SPP" type="SystemState" marking="1(sv)" time="0" fusion="">
<icon x="0" y="0" width="0" height="0">
<nameLabel x="0" y="0"/>
<typeLabel x="0" y="0"/>
<markingLabel x="0" y="0"/>
</icon>
</place>
<place name="CheckingFireHazard" type="ConfirmationState" marking="1(off)" time="0" fusion="">
<icon x="0" y="0" width="0" height="0">
<nameLabel x="0" y="0"/>
<typeLabel x="0" y="0"/>
<markingLabel x="0" y="0"/>
</icon>
</place>
<place name="Clock1" type="ClockState" marking="1(off)" time="0" fusion="">
<icon x="0" y="0" width="0" height="0">
<nameLabel x="0" y="0"/>
<typeLabel x="0" y="0"/>
<markingLabel x="0" y="0"/>
</icon>
</place>
<place name="FireDepartment" type="FireDepState" marking="1(none)" time="0" fusion="">
<icon x="0" y="0" width="0" height="0">
<nameLabel x="0" y="0"/>
<typeLabel x="0" y="0"/>
<markingLabel x="0" y="0"/>
</icon>
</place>
<place name="Employee" type="EmployeeState" marking="1(idle)" time="0" fusion="">
<icon x="0" y="0" width="0" height="0">
<nameLabel x="0" y="0"/>
<typeLabel x="0" y="0"/>
<markingLabel x="0" y="0"/>
</icon>
</place>
<place name="Clock2" type="ClockState" marking="1(off)" time="0" fusion="">
<icon x="0" y="0" width="0" height="0">
<nameLabel x="0" y="0"/>
<typeLabel x="0" y="0"/>
<markingLabel x="0" y="0"/>
</icon>
</place>
</places>
<transitions>
<transition name="GetSensorsValue" priority="0" guard="senSt &lt;> normal" substituted="no">
<icon x="0" y="0" width="0" height="0">
<nameLabel x="0" y="0"/>
<guardLabel x="0" y="0"/>
</icon>
</transition>
<transition name="TurnOnAlarm1" priority="0" guard="" substituted="no">
<icon x="0" y="0" width="0" height="0">
<nameLabel x="0" y="0"/>
<guardLabel x="0" y="0"/>
</icon>
</transition>
<transition name="TurnOffAlarm1_2" priority="0" guard="" substituted="no">
<icon x="0" y="0" width="0" height="0">
<nameLabel x="0" y="0"/>
<guardLabel x="0" y="0"/>
</icon>
</transition>
<transition name="EmergencyCall" priority="0" guard="" substituted="no">
<icon x="0" y="0" width="0" height="0">
<nameLabel x="0" y="0"/>
<guardLabel x="0" y="0"/>
</icon>
</transition>
<transition name="TurnOnAlarm2" priority="0" guard="" substituted="no">
<icon x="0" y="0" width="0" height="0">
<nameLabel x="0" y="0"/>
<guardLabel x="0" y="0"/>
</icon>
</transition>
<transition name="TurnOnAlarm2_2" priority="0" guard="" substituted="no">
<icon x="0" y="0" width="0" height="0">
<nameLabel x="0" y="0"/>
<guardLabel x="0" y="0"/>
</icon>
</transition>
<transition name="ConfirmAlarm" priority="0" guard="t=120 or t=300" substituted="no">
<icon x="0" y="0" width="0" height="0">
<nameLabel x="0" y="0"/>
<guardLabel x="0" y="0"/>
</icon>
</transition>
<transition name="EmpTurnOnAlarm2" priority="0" guard="" substituted="no">
<icon x="0" y="0" width="0" height="0">
<nameLabel x="0" y="0"/>
<guardLabel x="0" y="0"/>
</icon>
</transition>
<transition name="EmpNoticesAlarm" priority="0" guard="t=50 or t=70" substituted="no">
<icon x="0" y="0" width="0" height="0">
<nameLabel x="0" y="0"/>
<guardLabel x="0" y="0"/>
</icon>
</transition>
<transition name="InstantTurnOnAlarm2" priority="0" guard="sysSt &lt;> a2 and 
sysSt &lt;> term" substituted="no">
<icon x="0" y="0" width="0" height="0">
<nameLabel x="0" y="0"/>
<guardLabel x="0" y="0"/>
</icon>
</transition>
</transitions>
<arcs>
<arc place="Sensors" transition="TurnOnAlarm1" direction="In/Out" inExpression="warning"  outExpression="warning" inTime="" outTime="">
<icon x="0" y="0">
</icon>
</arc>
<arc place="SPP" transition="TurnOnAlarm1" direction="In/Out" inExpression="a1"  outExpression="sv" inTime="" outTime="">
<icon x="0" y="0">
</icon>
</arc>
<arc place="SPP" transition="TurnOffAlarm1_2" direction="In/Out" inExpression="term"  outExpression="a1" inTime="" outTime="">
<icon x="0" y="0">
</icon>
</arc>
<arc place="CheckingFireHazard" transition="TurnOffAlarm1_2" direction="In/Out" inExpression="on"  outExpression="on" inTime="" outTime="">
<icon x="0" y="0">
</icon>
</arc>
<arc place="Clock1" transition="TurnOnAlarm1" direction="In/Out" inExpression="on"  outExpression="off" inTime="" outTime="">
<icon x="0" y="0">
</icon>
</arc>
<arc place="FireDepartment" transition="EmergencyCall" direction="In/Out" inExpression="calledFor"  outExpression="none" inTime="" outTime="">
<icon x="0" y="0">
</icon>
</arc>
<arc place="SPP" transition="TurnOnAlarm2" direction="In/Out" inExpression="a2"  outExpression="a1" inTime="" outTime="">
<icon x="0" y="0">
</icon>
</arc>
<arc place="Clock1" transition="TurnOnAlarm2" direction="In/Out" inExpression="off"  outExpression="on" inTime="" outTime="60">
<icon x="0" y="0">
</icon>
</arc>
<arc place="CheckingFireHazard" transition="TurnOnAlarm2" direction="In/Out" inExpression="off"  outExpression="off" inTime="" outTime="">
<icon x="0" y="0">
</icon>
</arc>
<arc place="CheckingFireHazard" transition="ConfirmAlarm" direction="In/Out" inExpression="on"  outExpression="off" inTime="t" outTime="">
<icon x="0" y="0">
</icon>
</arc>
<arc place="Employee" transition="ConfirmAlarm" direction="In/Out" inExpression="act"  outExpression="act" inTime="" outTime="">
<icon x="0" y="0">
</icon>
</arc>
<arc place="Clock2" transition="ConfirmAlarm" direction="In/Out" inExpression="on"  outExpression="off" inTime="180" outTime="">
<icon x="0" y="0">
</icon>
</arc>
<arc place="Clock2" transition="TurnOnAlarm2_2" direction="In/Out" inExpression="off"  outExpression="on" inTime="" outTime="">
<icon x="0" y="0">
</icon>
</arc>
<arc place="SPP" transition="TurnOnAlarm2_2" direction="In/Out" inExpression="a2"  outExpression="a1" inTime="" outTime="">
<icon x="0" y="0">
</icon>
</arc>
<arc place="CheckingFireHazard" transition="EmpTurnOnAlarm2" direction="In/Out" inExpression="on"  outExpression="on" inTime="" outTime="">
<icon x="0" y="0">
</icon>
</arc>
<arc place="SPP" transition="EmpTurnOnAlarm2" direction="In/Out" inExpression="a2"  outExpression="a1" inTime="" outTime="">
<icon x="0" y="0">
</icon>
</arc>
<arc place="SPP" transition="ConfirmAlarm" direction="In/Out" inExpression="a1"  outExpression="a1" inTime="" outTime="">
<icon x="0" y="0">
</icon>
</arc>
<arc place="Sensors" transition="GetSensorsValue" direction="In/Out" inExpression="senSt"  outExpression="normal" inTime="" outTime="">
<icon x="0" y="0">
</icon>
</arc>
<arc place="Employee" transition="EmpNoticesAlarm" direction="In/Out" inExpression="act"  outExpression="idle" inTime="t" outTime="">
<icon x="0" y="0">
</icon>
</arc>
<arc place="SPP" transition="EmpNoticesAlarm" direction="In/Out" inExpression="a1"  outExpression="a1" inTime="" outTime="">
<icon x="0" y="0">
</icon>
</arc>
<arc place="SPP" transition="EmergencyCall" direction="In/Out" inExpression="term"  outExpression="a2" inTime="" outTime="">
<icon x="0" y="0">
</icon>
</arc>
<arc place="Sensors" transition="InstantTurnOnAlarm2" direction="In/Out" inExpression="dblWarning"  outExpression="dblWarning" inTime="" outTime="">
<icon x="0" y="0">
</icon>
</arc>
<arc place="SPP" transition="InstantTurnOnAlarm2" direction="In/Out" inExpression="a2"  outExpression="sysSt" inTime="" outTime="">
<icon x="0" y="0">
</icon>
</arc>
</arcs>
</page>
</pages>
<hierarchy>
<nodes>
<node name="Main" id="0" parameters="">
<icon x="0" y="0" width="0" height="0">
<nameLabel x="0" y="0"/>
<parametersLabel x="0" y="0"/>
</icon>
</node>
</nodes>
<connections>
</connections>
</hierarchy>
</rtcpnet>
