<?xml version="1.0" encoding="ISO-8859-2" ?>
<rtcpnet name="">
<declarations>
color StateCrossZone = with locked | unlocked;
color Direction = with l | s | r;
color StateSwitch = with locked | unlocked;
color StateChoosedDirection = with locked | unlocked;
var a: Direction;
var b: Direction;
</declarations>
<pages>
<page name="New Page" width="1512" height="1512">
<places>
<place name="CrossZone" type="StateCrossZone" marking="1(unlocked)" time="0" fusion="">
<icon x="0" y="0" width="0" height="0">
<nameLabel x="0" y="0"/>
<typeLabel x="0" y="0"/>
<markingLabel x="0" y="0"/>
</icon>
</place>
<place name="ExpectedDirection" type="Direction" marking="" time="0" fusion="">
<icon x="0" y="0" width="0" height="0">
<nameLabel x="0" y="0"/>
<typeLabel x="0" y="0"/>
<markingLabel x="0" y="0"/>
</icon>
</place>
<place name="SelectedDirection" type="Direction" marking="1(s)" time="0" fusion="">
<icon x="0" y="0" width="0" height="0">
<nameLabel x="0" y="0"/>
<typeLabel x="0" y="0"/>
<markingLabel x="0" y="0"/>
</icon>
</place>
<place name="Switch" type="StateSwitch" marking="1(unlocked)" time="0" fusion="">
<icon x="0" y="0" width="0" height="0">
<nameLabel x="0" y="0"/>
<typeLabel x="0" y="0"/>
<markingLabel x="0" y="0"/>
</icon>
</place>
<place name="DirectionChoosed" type="StateChoosedDirection" marking="1(unlocked)" time="0" fusion="">
<icon x="0" y="0" width="0" height="0">
<nameLabel x="0" y="0"/>
<typeLabel x="0" y="0"/>
<markingLabel x="0" y="0"/>
</icon>
</place>
</places>
<transitions>
<transition name="TrampArrived" priority="0" guard="" substituted="no">
<icon x="0" y="0" width="0" height="0">
<nameLabel x="0" y="0"/>
<guardLabel x="0" y="0"/>
</icon>
</transition>
<transition name="SendDirectionSignal" priority="0" guard="" substituted="no">
<icon x="0" y="0" width="0" height="0">
<nameLabel x="0" y="0"/>
<guardLabel x="0" y="0"/>
</icon>
</transition>
<transition name="LockSwitch" priority="0" guard="" substituted="no">
<icon x="0" y="0" width="0" height="0">
<nameLabel x="0" y="0"/>
<guardLabel x="0" y="0"/>
</icon>
</transition>
<transition name="ChangeDirection" priority="0" guard="a &lt;> b" substituted="no">
<icon x="0" y="0" width="0" height="0">
<nameLabel x="0" y="0"/>
<guardLabel x="0" y="0"/>
</icon>
</transition>
<transition name="CrossZoneLock" priority="0" guard="" substituted="no">
<icon x="0" y="0" width="0" height="0">
<nameLabel x="0" y="0"/>
<guardLabel x="0" y="0"/>
</icon>
</transition>
</transitions>
<arcs>
<arc place="CrossZone" transition="TrampArrived" direction="In/Out" inExpression="locked"  outExpression="unlocked" inTime="" outTime="">
<icon x="0" y="0">
</icon>
</arc>
<arc place="CrossZone" transition="SendDirectionSignal" direction="In/Out" inExpression="locked"  outExpression="locked" inTime="" outTime="">
<icon x="0" y="0">
</icon>
</arc>
<arc place="ExpectedDirection" transition="SendDirectionSignal" direction="In" inExpression="a"  outExpression="" inTime="" outTime="">
<icon x="0" y="0">
</icon>
</arc>
<arc place="ExpectedDirection" transition="ChangeDirection" direction="In/Out" inExpression="a"  outExpression="a" inTime="" outTime="">
<icon x="0" y="0">
</icon>
</arc>
<arc place="SelectedDirection" transition="ChangeDirection" direction="In/Out" inExpression="a"  outExpression="b" inTime="" outTime="">
<icon x="0" y="0">
</icon>
</arc>
<arc place="SelectedDirection" transition="LockSwitch" direction="In/Out" inExpression="b"  outExpression="b" inTime="" outTime="">
<icon x="0" y="0">
</icon>
</arc>
<arc place="ExpectedDirection" transition="LockSwitch" direction="Out" inExpression=""  outExpression="b" inTime="" outTime="">
<icon x="0" y="0">
</icon>
</arc>
<arc place="Switch" transition="LockSwitch" direction="In/Out" inExpression="locked"  outExpression="unlocked" inTime="" outTime="">
<icon x="0" y="0">
</icon>
</arc>
<arc place="Switch" transition="CrossZoneLock" direction="In/Out" inExpression="unlocked"  outExpression="locked" inTime="" outTime="">
<icon x="0" y="0">
</icon>
</arc>
<arc place="DirectionChoosed" transition="SendDirectionSignal" direction="In/Out" inExpression="locked"  outExpression="unlocked" inTime="" outTime="">
<icon x="0" y="0">
</icon>
</arc>
<arc place="DirectionChoosed" transition="CrossZoneLock" direction="In/Out" inExpression="unlocked"  outExpression="locked" inTime="" outTime="">
<icon x="0" y="0">
</icon>
</arc>
<arc place="CrossZone" transition="CrossZoneLock" direction="In/Out" inExpression="unlocked"  outExpression="locked" inTime="" outTime="">
<icon x="0" y="0">
</icon>
</arc>
</arcs>
</page>
</pages>
<hierarchy>
<nodes>
<node name="New Page" id="0" parameters="">
<icon x="0" y="0" width="0" height="0">
<nameLabel x="0" y="0"/>
<parametersLabel x="0" y="0"/>
</icon>
</node>
</nodes>
<connections>
</connections>
</hierarchy>
</rtcpnet>
