<?xml version="1.0" encoding="ISO-8859-2" ?>
<rtcpnet name="">
<declarations>
color CrossZoneState = with occupied | free;
color Direction = with l | s | r;
color SwitchState = with locked | unlocked;
color ChoosedDirectionState = with yes | no;
var sDir: Direction;
var eDir: Direction;
</declarations>
<pages>
<page name="New Page" width="1512" height="1512">
<places>
<place name="CrossZone" type="CrossZoneState" marking="1(free)" time="0" fusion="">
<icon x="0" y="0" width="0" height="0">
<nameLabel x="0" y="0"/>
<typeLabel x="0" y="0"/>
<markingLabel x="0" y="0"/>
</icon>
</place>
<place name="ExpectedDirection" type="Direction" marking="" time="0" fusion="">
<icon x="0" y="0" width="0" height="0">
<nameLabel x="0" y="0"/>
<typeLabel x="0" y="0"/>
<markingLabel x="0" y="0"/>
</icon>
</place>
<place name="SelectedDirection" type="Direction" marking="1(s)" time="0" fusion="">
<icon x="0" y="0" width="0" height="0">
<nameLabel x="0" y="0"/>
<typeLabel x="0" y="0"/>
<markingLabel x="0" y="0"/>
</icon>
</place>
<place name="Switch" type="SwitchState" marking="1(unlocked)" time="0" fusion="">
<icon x="0" y="0" width="0" height="0">
<nameLabel x="0" y="0"/>
<typeLabel x="0" y="0"/>
<markingLabel x="0" y="0"/>
</icon>
</place>
<place name="DirectionChoosed" type="ChoosedDirectionState" marking="1(no)" time="0" fusion="">
<icon x="0" y="0" width="0" height="0">
<nameLabel x="0" y="0"/>
<typeLabel x="0" y="0"/>
<markingLabel x="0" y="0"/>
</icon>
</place>
</places>
<transitions>
<transition name="TramArrived" priority="0" guard="" substituted="no">
<icon x="0" y="0" width="0" height="0">
<nameLabel x="0" y="0"/>
<guardLabel x="0" y="0"/>
</icon>
</transition>
<transition name="CheckDirectionSign" priority="0" guard="" substituted="no">
<icon x="0" y="0" width="0" height="0">
<nameLabel x="0" y="0"/>
<guardLabel x="0" y="0"/>
</icon>
</transition>
<transition name="LockSwitch" priority="0" guard="" substituted="no">
<icon x="0" y="0" width="0" height="0">
<nameLabel x="0" y="0"/>
<guardLabel x="0" y="0"/>
</icon>
</transition>
<transition name="ChangeDirection" priority="0" guard="eDir &lt;> sDir" substituted="no">
<icon x="0" y="0" width="0" height="0">
<nameLabel x="0" y="0"/>
<guardLabel x="0" y="0"/>
</icon>
</transition>
<transition name="TramLeft" priority="0" guard="" substituted="no">
<icon x="0" y="0" width="0" height="0">
<nameLabel x="0" y="0"/>
<guardLabel x="0" y="0"/>
</icon>
</transition>
</transitions>
<arcs>
<arc place="CrossZone" transition="TramArrived" direction="In/Out" inExpression="occupied"  outExpression="free" inTime="" outTime="">
<icon x="0" y="0">
</icon>
</arc>
<arc place="CrossZone" transition="CheckDirectionSign" direction="In/Out" inExpression="occupied"  outExpression="occupied" inTime="" outTime="">
<icon x="0" y="0">
</icon>
</arc>
<arc place="ExpectedDirection" transition="CheckDirectionSign" direction="In" inExpression="eDir"  outExpression="" inTime="" outTime="">
<icon x="0" y="0">
</icon>
</arc>
<arc place="ExpectedDirection" transition="ChangeDirection" direction="In/Out" inExpression="eDir"  outExpression="eDir" inTime="" outTime="">
<icon x="0" y="0">
</icon>
</arc>
<arc place="SelectedDirection" transition="ChangeDirection" direction="In/Out" inExpression="eDir"  outExpression="sDir" inTime="" outTime="">
<icon x="0" y="0">
</icon>
</arc>
<arc place="SelectedDirection" transition="LockSwitch" direction="In/Out" inExpression="sDir"  outExpression="sDir" inTime="" outTime="">
<icon x="0" y="0">
</icon>
</arc>
<arc place="ExpectedDirection" transition="LockSwitch" direction="Out" inExpression=""  outExpression="sDir" inTime="" outTime="">
<icon x="0" y="0">
</icon>
</arc>
<arc place="Switch" transition="LockSwitch" direction="In/Out" inExpression="locked"  outExpression="unlocked" inTime="" outTime="">
<icon x="0" y="0">
</icon>
</arc>
<arc place="Switch" transition="TramLeft" direction="In/Out" inExpression="unlocked"  outExpression="locked" inTime="" outTime="">
<icon x="0" y="0">
</icon>
</arc>
<arc place="DirectionChoosed" transition="CheckDirectionSign" direction="In/Out" inExpression="yes"  outExpression="no" inTime="" outTime="">
<icon x="0" y="0">
</icon>
</arc>
<arc place="DirectionChoosed" transition="TramLeft" direction="In/Out" inExpression="no"  outExpression="yes" inTime="" outTime="">
<icon x="0" y="0">
</icon>
</arc>
<arc place="CrossZone" transition="TramLeft" direction="In/Out" inExpression="free"  outExpression="occupied" inTime="" outTime="">
<icon x="0" y="0">
</icon>
</arc>
</arcs>
</page>
</pages>
<hierarchy>
<nodes>
<node name="New Page" id="0" parameters="">
<icon x="0" y="0" width="0" height="0">
<nameLabel x="0" y="0"/>
<parametersLabel x="0" y="0"/>
</icon>
</node>
</nodes>
<connections>
</connections>
</hierarchy>
</rtcpnet>
