<?xml version="1.0" encoding="ISO-8859-2" ?>
<rtcpnet name="">
<declarations>
color Ten0 = int with 0..2;
color DATA = with packet;
color ACK = int with 0..1;
var p: DATA;
var r,s: Ten0;
var canSend, a: ACK;
</declarations>
<pages>
<page name="SimpleProtocol" width="1512" height="1512">
<places>
<place name="Send" type="DATA" marking="500(packet)" time="0" fusion="">
<icon x="0" y="0" width="0" height="0">
<nameLabel x="0" y="0"/>
<typeLabel x="0" y="0"/>
<markingLabel x="0" y="0"/>
</icon>
</place>
<place name="NextSend" type="ACK" marking="1(1)" time="0" fusion="">
<icon x="0" y="0" width="0" height="0">
<nameLabel x="0" y="0"/>
<typeLabel x="0" y="0"/>
<markingLabel x="0" y="0"/>
</icon>
</place>
<place name="D" type="ACK" marking="" time="0" fusion="">
<icon x="0" y="0" width="0" height="0">
<nameLabel x="0" y="0"/>
<typeLabel x="0" y="0"/>
<markingLabel x="0" y="0"/>
</icon>
</place>
<place name="A" type="DATA" marking="" time="0" fusion="">
<icon x="0" y="0" width="0" height="0">
<nameLabel x="0" y="0"/>
<typeLabel x="0" y="0"/>
<markingLabel x="0" y="0"/>
</icon>
</place>
<place name="Received" type="DATA" marking="" time="0" fusion="">
<icon x="0" y="0" width="0" height="0">
<nameLabel x="0" y="0"/>
<typeLabel x="0" y="0"/>
<markingLabel x="0" y="0"/>
</icon>
</place>
<place name="B" type="DATA" marking="" time="0" fusion="">
<icon x="0" y="0" width="0" height="0">
<nameLabel x="0" y="0"/>
<typeLabel x="0" y="0"/>
<markingLabel x="0" y="0"/>
</icon>
</place>
<place name="C" type="ACK" marking="" time="0" fusion="">
<icon x="0" y="0" width="0" height="0">
<nameLabel x="0" y="0"/>
<typeLabel x="0" y="0"/>
<markingLabel x="0" y="0"/>
</icon>
</place>
<place name="TPRand" type="Ten0" marking="1(0)" time="0" fusion="">
<icon x="0" y="0" width="0" height="0">
<nameLabel x="0" y="0"/>
<typeLabel x="0" y="0"/>
<markingLabel x="0" y="0"/>
</icon>
</place>
<place name="TARand" type="Ten0" marking="1(0)" time="0" fusion="">
<icon x="0" y="0" width="0" height="0">
<nameLabel x="0" y="0"/>
<typeLabel x="0" y="0"/>
<markingLabel x="0" y="0"/>
</icon>
</place>
<place name="ackReceived" type="ACK" marking="" time="0" fusion="">
<icon x="0" y="0" width="0" height="0">
<nameLabel x="0" y="0"/>
<typeLabel x="0" y="0"/>
<markingLabel x="0" y="0"/>
</icon>
</place>
</places>
<transitions>
<transition name="SendPacket" priority="0" guard="canSend = 1" substituted="no">
<icon x="0" y="0" width="0" height="0">
<nameLabel x="0" y="0"/>
<guardLabel x="0" y="0"/>
</icon>
</transition>
<transition name="TransmitPacket" priority="0" guard="r = 2" substituted="no">
<icon x="0" y="0" width="0" height="0">
<nameLabel x="0" y="0"/>
<guardLabel x="0" y="0"/>
</icon>
</transition>
<transition name="ReceivePacket" priority="0" guard="a=1" substituted="no">
<icon x="0" y="0" width="0" height="0">
<nameLabel x="0" y="0"/>
<guardLabel x="0" y="0"/>
</icon>
</transition>
<transition name="ReceiveAck" priority="0" guard="" substituted="no">
<icon x="0" y="0" width="0" height="0">
<nameLabel x="0" y="0"/>
<guardLabel x="0" y="0"/>
</icon>
</transition>
<transition name="TransmitAck" priority="0" guard="r = 2" substituted="no">
<icon x="0" y="0" width="0" height="0">
<nameLabel x="0" y="0"/>
<guardLabel x="0" y="0"/>
</icon>
</transition>
<transition name="TPRandomize" priority="0" guard="r&lt;>0" substituted="no">
<icon x="0" y="0" width="0" height="0">
<nameLabel x="0" y="0"/>
<guardLabel x="0" y="0"/>
</icon>
</transition>
<transition name="PacketLost" priority="0" guard="r = 1" substituted="no">
<icon x="0" y="0" width="0" height="0">
<nameLabel x="0" y="0"/>
<guardLabel x="0" y="0"/>
</icon>
</transition>
<transition name="TARandomize" priority="0" guard="r&lt;>0" substituted="no">
<icon x="0" y="0" width="0" height="0">
<nameLabel x="0" y="0"/>
<guardLabel x="0" y="0"/>
</icon>
</transition>
<transition name="AckLost" priority="0" guard="r =1" substituted="no">
<icon x="0" y="0" width="0" height="0">
<nameLabel x="0" y="0"/>
<guardLabel x="0" y="0"/>
</icon>
</transition>
</transitions>
<arcs>
<arc place="A" transition="SendPacket" direction="In" inExpression="p"  outExpression="" inTime="" outTime="">
<icon x="0" y="0">
</icon>
</arc>
<arc place="A" transition="TransmitPacket" direction="Out" inExpression=""  outExpression="p" inTime="" outTime="">
<icon x="0" y="0">
</icon>
</arc>
<arc place="B" transition="TransmitPacket" direction="In" inExpression="p"  outExpression="" inTime="" outTime="">
<icon x="0" y="0">
</icon>
</arc>
<arc place="Send" transition="SendPacket" direction="Out" inExpression=""  outExpression="p" inTime="" outTime="">
<icon x="0" y="0">
</icon>
</arc>
<arc place="B" transition="ReceivePacket" direction="Out" inExpression=""  outExpression="p" inTime="" outTime="">
<icon x="0" y="0">
</icon>
</arc>
<arc place="Received" transition="ReceivePacket" direction="In" inExpression="p"  outExpression="" inTime="" outTime="">
<icon x="0" y="0">
</icon>
</arc>
<arc place="C" transition="ReceivePacket" direction="In" inExpression="a"  outExpression="" inTime="" outTime="">
<icon x="0" y="0">
</icon>
</arc>
<arc place="C" transition="TransmitAck" direction="Out" inExpression=""  outExpression="a" inTime="" outTime="">
<icon x="0" y="0">
</icon>
</arc>
<arc place="D" transition="TransmitAck" direction="In" inExpression="a"  outExpression="" inTime="" outTime="">
<icon x="0" y="0">
</icon>
</arc>
<arc place="D" transition="ReceiveAck" direction="Out" inExpression=""  outExpression="a" inTime="" outTime="">
<icon x="0" y="0">
</icon>
</arc>
<arc place="NextSend" transition="ReceiveAck" direction="In/Out" inExpression="a"  outExpression="canSend" inTime="" outTime="">
<icon x="0" y="0">
</icon>
</arc>
<arc place="NextSend" transition="SendPacket" direction="In/Out" inExpression="0"  outExpression="canSend" inTime="" outTime="">
<icon x="0" y="0">
</icon>
</arc>
<arc place="TPRand" transition="TPRandomize" direction="In/Out" inExpression="r"  outExpression="0" inTime="" outTime="">
<icon x="0" y="0">
</icon>
</arc>
<arc place="TPRand" transition="TransmitPacket" direction="In/Out" inExpression="0"  outExpression="r" inTime="" outTime="">
<icon x="0" y="0">
</icon>
</arc>
<arc place="A" transition="PacketLost" direction="Out" inExpression=""  outExpression="p" inTime="" outTime="">
<icon x="0" y="0">
</icon>
</arc>
<arc place="TPRand" transition="PacketLost" direction="In/Out" inExpression="0"  outExpression="r" inTime="" outTime="">
<icon x="0" y="0">
</icon>
</arc>
<arc place="TARand" transition="AckLost" direction="In/Out" inExpression="0"  outExpression="r" inTime="" outTime="">
<icon x="0" y="0">
</icon>
</arc>
<arc place="TARand" transition="TARandomize" direction="In/Out" inExpression="r"  outExpression="0" inTime="" outTime="">
<icon x="0" y="0">
</icon>
</arc>
<arc place="C" transition="AckLost" direction="Out" inExpression=""  outExpression="a" inTime="" outTime="">
<icon x="0" y="0">
</icon>
</arc>
<arc place="TARand" transition="TransmitAck" direction="In/Out" inExpression="0"  outExpression="r" inTime="" outTime="">
<icon x="0" y="0">
</icon>
</arc>
<arc place="A" transition="TPRandomize" direction="In/Out" inExpression="p"  outExpression="p" inTime="" outTime="">
<icon x="0" y="0">
</icon>
</arc>
<arc place="C" transition="TARandomize" direction="In/Out" inExpression="a"  outExpression="a" inTime="" outTime="">
<icon x="0" y="0">
</icon>
</arc>
<arc place="ackReceived" transition="ReceiveAck" direction="In" inExpression="a"  outExpression="" inTime="" outTime="">
<icon x="0" y="0">
</icon>
</arc>
</arcs>
</page>
</pages>
<hierarchy>
<nodes>
<node name="SimpleProtocol" id="0" parameters="">
<icon x="0" y="0" width="0" height="0">
<nameLabel x="0" y="0"/>
<parametersLabel x="0" y="0"/>
</icon>
</node>
</nodes>
<connections>
</connections>
</hierarchy>
</rtcpnet>
