<?xml version="1.0" encoding="ISO-8859-2" ?>
<rtcpnet name="">
<declarations>
color Ten0 = int with 0..10;
color DATA = int with 0..9999;
color INT1000 = int with 0..1000;
color INTxDATA = product INT1000 * DATA;
var m, n, k, nk: INT1000;
var p, str: DATA;
var r,s: Ten0;
</declarations>
<pages>
<page name="SimpleProtocol" width="1512" height="1512">
<places>
<place name="Send" type="INTxDATA" marking="2(1,1111) + 2(2,2222) + 2(3,0)" time="0" fusion="">
<icon x="0" y="0" width="0" height="0">
<nameLabel x="0" y="0"/>
<typeLabel x="0" y="0"/>
<markingLabel x="0" y="0"/>
</icon>
</place>
<place name="NextSend" type="INT1000" marking="1(1)" time="0" fusion="">
<icon x="0" y="0" width="0" height="0">
<nameLabel x="0" y="0"/>
<typeLabel x="0" y="0"/>
<markingLabel x="0" y="0"/>
</icon>
</place>
<place name="D" type="INT1000" marking="" time="0" fusion="">
<icon x="0" y="0" width="0" height="0">
<nameLabel x="0" y="0"/>
<typeLabel x="0" y="0"/>
<markingLabel x="0" y="0"/>
</icon>
</place>
<place name="A" type="INTxDATA" marking="" time="0" fusion="">
<icon x="0" y="0" width="0" height="0">
<nameLabel x="0" y="0"/>
<typeLabel x="0" y="0"/>
<markingLabel x="0" y="0"/>
</icon>
</place>
<place name="Received" type="INTxDATA" marking="" time="0" fusion="">
<icon x="0" y="0" width="0" height="0">
<nameLabel x="0" y="0"/>
<typeLabel x="0" y="0"/>
<markingLabel x="0" y="0"/>
</icon>
</place>
<place name="NextRec" type="INT1000" marking="1(1)" time="0" fusion="">
<icon x="0" y="0" width="0" height="0">
<nameLabel x="0" y="0"/>
<typeLabel x="0" y="0"/>
<markingLabel x="0" y="0"/>
</icon>
</place>
<place name="B" type="INTxDATA" marking="" time="0" fusion="">
<icon x="0" y="0" width="0" height="0">
<nameLabel x="0" y="0"/>
<typeLabel x="0" y="0"/>
<markingLabel x="0" y="0"/>
</icon>
</place>
<place name="C" type="INT1000" marking="" time="0" fusion="">
<icon x="0" y="0" width="0" height="0">
<nameLabel x="0" y="0"/>
<typeLabel x="0" y="0"/>
<markingLabel x="0" y="0"/>
</icon>
</place>
<place name="Success" type="INT1000" marking="1(0)" time="0" fusion="">
<icon x="0" y="0" width="0" height="0">
<nameLabel x="0" y="0"/>
<typeLabel x="0" y="0"/>
<markingLabel x="0" y="0"/>
</icon>
</place>
<place name="TPRand" type="Ten0" marking="1(0)" time="0" fusion="">
<icon x="0" y="0" width="0" height="0">
<nameLabel x="0" y="0"/>
<typeLabel x="0" y="0"/>
<markingLabel x="0" y="0"/>
</icon>
</place>
<place name="TARand" type="Ten0" marking="1(0)" time="0" fusion="">
<icon x="0" y="0" width="0" height="0">
<nameLabel x="0" y="0"/>
<typeLabel x="0" y="0"/>
<markingLabel x="0" y="0"/>
</icon>
</place>
</places>
<transitions>
<transition name="SendPacket" priority="0" guard="n>0" substituted="no">
<icon x="0" y="0" width="0" height="0">
<nameLabel x="0" y="0"/>
<guardLabel x="0" y="0"/>
</icon>
</transition>
<transition name="TransmitPacket" priority="0" guard="r > 0 and r > 2" substituted="no">
<icon x="0" y="0" width="0" height="0">
<nameLabel x="0" y="0"/>
<guardLabel x="0" y="0"/>
</icon>
</transition>
<transition name="ReceivePacket" priority="0" guard="n=k and p &lt;> 0 and nk=(k+1)" substituted="no">
<icon x="0" y="0" width="0" height="0">
<nameLabel x="0" y="0"/>
<guardLabel x="0" y="0"/>
</icon>
</transition>
<transition name="ReceiveAck" priority="0" guard="n&lt;>0" substituted="no">
<icon x="0" y="0" width="0" height="0">
<nameLabel x="0" y="0"/>
<guardLabel x="0" y="0"/>
</icon>
</transition>
<transition name="TransmitAck" priority="0" guard="r > 0 and r > 2" substituted="no">
<icon x="0" y="0" width="0" height="0">
<nameLabel x="0" y="0"/>
<guardLabel x="0" y="0"/>
</icon>
</transition>
<transition name="Endtrans" priority="0" guard="n=0" substituted="no">
<icon x="0" y="0" width="0" height="0">
<nameLabel x="0" y="0"/>
<guardLabel x="0" y="0"/>
</icon>
</transition>
<transition name="TPRandomize" priority="0" guard="r&lt;>0" substituted="no">
<icon x="0" y="0" width="0" height="0">
<nameLabel x="0" y="0"/>
<guardLabel x="0" y="0"/>
</icon>
</transition>
<transition name="PacketLost" priority="0" guard="r > 0 and r &lt;= 2" substituted="no">
<icon x="0" y="0" width="0" height="0">
<nameLabel x="0" y="0"/>
<guardLabel x="0" y="0"/>
</icon>
</transition>
<transition name="TARandomize" priority="0" guard="r&lt;>0" substituted="no">
<icon x="0" y="0" width="0" height="0">
<nameLabel x="0" y="0"/>
<guardLabel x="0" y="0"/>
</icon>
</transition>
<transition name="AckLost" priority="0" guard="r > 0 and r &lt;= 2" substituted="no">
<icon x="0" y="0" width="0" height="0">
<nameLabel x="0" y="0"/>
<guardLabel x="0" y="0"/>
</icon>
</transition>
<transition name="WrongPacket" priority="0" guard="n&lt;>k" substituted="no">
<icon x="0" y="0" width="0" height="0">
<nameLabel x="0" y="0"/>
<guardLabel x="0" y="0"/>
</icon>
</transition>
<transition name="LastPacket" priority="0" guard="n=k and p = 0" substituted="no">
<icon x="0" y="0" width="0" height="0">
<nameLabel x="0" y="0"/>
<guardLabel x="0" y="0"/>
</icon>
</transition>
</transitions>
<arcs>
<arc place="A" transition="SendPacket" direction="In" inExpression="(n,p)"  outExpression="" inTime="" outTime="">
<icon x="0" y="0">
</icon>
</arc>
<arc place="A" transition="TransmitPacket" direction="Out" inExpression=""  outExpression="(n,p)" inTime="" outTime="">
<icon x="0" y="0">
</icon>
</arc>
<arc place="B" transition="TransmitPacket" direction="In" inExpression="(n,p)"  outExpression="" inTime="" outTime="">
<icon x="0" y="0">
</icon>
</arc>
<arc place="Send" transition="SendPacket" direction="Out" inExpression=""  outExpression="(n,p)" inTime="" outTime="">
<icon x="0" y="0">
</icon>
</arc>
<arc place="B" transition="ReceivePacket" direction="Out" inExpression=""  outExpression="(n,p)" inTime="" outTime="">
<icon x="0" y="0">
</icon>
</arc>
<arc place="Received" transition="ReceivePacket" direction="In" inExpression="(n,p)"  outExpression="" inTime="" outTime="">
<icon x="0" y="0">
</icon>
</arc>
<arc place="C" transition="ReceivePacket" direction="In" inExpression="nk"  outExpression="" inTime="" outTime="">
<icon x="0" y="0">
</icon>
</arc>
<arc place="C" transition="TransmitAck" direction="Out" inExpression=""  outExpression="n" inTime="" outTime="">
<icon x="0" y="0">
</icon>
</arc>
<arc place="NextRec" transition="ReceivePacket" direction="In/Out" inExpression="k"  outExpression="nk" inTime="" outTime="">
<icon x="0" y="0">
</icon>
</arc>
<arc place="D" transition="TransmitAck" direction="In" inExpression="n"  outExpression="" inTime="" outTime="">
<icon x="0" y="0">
</icon>
</arc>
<arc place="D" transition="ReceiveAck" direction="Out" inExpression=""  outExpression="n" inTime="" outTime="">
<icon x="0" y="0">
</icon>
</arc>
<arc place="NextSend" transition="ReceiveAck" direction="In" inExpression="n"  outExpression="" inTime="" outTime="">
<icon x="0" y="0">
</icon>
</arc>
<arc place="NextSend" transition="SendPacket" direction="Out" inExpression=""  outExpression="n" inTime="" outTime="">
<icon x="0" y="0">
</icon>
</arc>
<arc place="NextSend" transition="ReceiveAck" direction="Out" inExpression=""  outExpression="k" inTime="" outTime="">
<icon x="0" y="0">
</icon>
</arc>
<arc place="NextSend" transition="SendPacket" direction="In" inExpression="n"  outExpression="" inTime="" outTime="">
<icon x="0" y="0">
</icon>
</arc>
<arc place="D" transition="Endtrans" direction="Out" inExpression=""  outExpression="n" inTime="" outTime="">
<icon x="0" y="0">
</icon>
</arc>
<arc place="Success" transition="Endtrans" direction="In" inExpression="1"  outExpression="" inTime="" outTime="">
<icon x="0" y="0">
</icon>
</arc>
<arc place="Success" transition="Endtrans" direction="Out" inExpression=""  outExpression="m" inTime="" outTime="">
<icon x="0" y="0">
</icon>
</arc>
<arc place="NextSend" transition="Endtrans" direction="Out" inExpression=""  outExpression="k" inTime="" outTime="">
<icon x="0" y="0">
</icon>
</arc>
<arc place="TPRand" transition="TPRandomize" direction="In/Out" inExpression="0"  outExpression="r" inTime="" outTime="">
<icon x="0" y="0">
</icon>
</arc>
<arc place="TPRand" transition="TransmitPacket" direction="In/Out" inExpression="r"  outExpression="0" inTime="" outTime="">
<icon x="0" y="0">
</icon>
</arc>
<arc place="A" transition="PacketLost" direction="Out" inExpression=""  outExpression="(n,p)" inTime="" outTime="">
<icon x="0" y="0">
</icon>
</arc>
<arc place="TPRand" transition="PacketLost" direction="In/Out" inExpression="r"  outExpression="0" inTime="" outTime="">
<icon x="0" y="0">
</icon>
</arc>
<arc place="TARand" transition="AckLost" direction="In/Out" inExpression="r"  outExpression="0" inTime="" outTime="">
<icon x="0" y="0">
</icon>
</arc>
<arc place="TARand" transition="TARandomize" direction="In/Out" inExpression="0"  outExpression="r" inTime="" outTime="">
<icon x="0" y="0">
</icon>
</arc>
<arc place="C" transition="AckLost" direction="Out" inExpression=""  outExpression="n" inTime="" outTime="">
<icon x="0" y="0">
</icon>
</arc>
<arc place="TARand" transition="TransmitAck" direction="In/Out" inExpression="r"  outExpression="0" inTime="" outTime="">
<icon x="0" y="0">
</icon>
</arc>
<arc place="NextRec" transition="WrongPacket" direction="In/Out" inExpression="k"  outExpression="k" inTime="" outTime="">
<icon x="0" y="0">
</icon>
</arc>
<arc place="B" transition="WrongPacket" direction="Out" inExpression=""  outExpression="(n,p)" inTime="" outTime="">
<icon x="0" y="0">
</icon>
</arc>
<arc place="C" transition="WrongPacket" direction="In" inExpression="k"  outExpression="" inTime="" outTime="">
<icon x="0" y="0">
</icon>
</arc>
<arc place="NextRec" transition="LastPacket" direction="In/Out" inExpression="k"  outExpression="0" inTime="" outTime="">
<icon x="0" y="0">
</icon>
</arc>
<arc place="B" transition="LastPacket" direction="Out" inExpression=""  outExpression="(n,p)" inTime="" outTime="">
<icon x="0" y="0">
</icon>
</arc>
<arc place="C" transition="LastPacket" direction="In" inExpression="0"  outExpression="" inTime="" outTime="">
<icon x="0" y="0">
</icon>
</arc>
</arcs>
</page>
</pages>
<hierarchy>
<nodes>
<node name="SimpleProtocol" id="0" parameters="">
<icon x="0" y="0" width="0" height="0">
<nameLabel x="0" y="0"/>
<parametersLabel x="0" y="0"/>
</icon>
</node>
</nodes>
<connections>
</connections>
</hierarchy>
</rtcpnet>
